layer,batch,channel,height,width,num_output,fpops,lat,gflops
fc,1,640,1,1,64,40960,0.1150,0.356173913043
fc,1,640,1,1,128,81920,0.1090,0.751559633028
fc,1,640,1,1,196,125440,0.1080,1.16148148148
fc,1,640,1,1,256,163840,0.1110,1.47603603604
fc,1,640,1,1,320,204800,0.1110,1.84504504505
fc,1,640,1,1,384,245760,0.1100,2.23418181818
fc,1,640,1,1,512,327680,0.1150,2.84939130435
fc,1,640,1,1,768,491520,0.1190,4.13042016807
fc,1,640,1,1,1024,655360,0.2080,3.15076923077
fc,1,640,1,1,1536,983040,0.2090,4.70354066986
fc,1,640,1,1,2048,1310720,0.2280,5.74877192982
fc,1,640,1,1,2560,1638400,0.2310,7.09264069264
fc,1,640,1,1,3072,1966080,0.2500,7.86432
fc,1,640,1,1,3200,2048000,0.2540,8.06299212598
fc,1,640,1,1,4096,2621440,0.2770,9.46368231047
fc,1,384,1,1,64,24576,0.0880,0.279272727273
fc,1,384,1,1,128,49152,0.0900,0.546133333333
fc,1,384,1,1,196,75264,0.0870,0.865103448276
fc,1,384,1,1,256,98304,0.0880,1.11709090909
fc,1,384,1,1,320,122880,0.0870,1.4124137931
fc,1,384,1,1,384,147456,0.0870,1.69489655172
fc,1,384,1,1,512,196608,0.0880,2.23418181818
fc,1,384,1,1,768,294912,0.0890,3.31361797753
fc,1,384,1,1,1024,393216,0.1490,2.63903355705
fc,1,384,1,1,1536,589824,0.1510,3.9061192053
fc,1,384,1,1,2048,786432,0.1630,4.82473619632
fc,1,384,1,1,2560,983040,0.1630,6.0309202454
fc,1,384,1,1,3072,1179648,0.1810,6.51739226519
fc,1,384,1,1,3200,1228800,0.1970,6.23756345178
fc,1,384,1,1,4096,1572864,0.2060,7.63526213592
fc,1,2000,1,1,64,128000,0.1270,1.00787401575
fc,1,2000,1,1,128,256000,0.1250,2.048
fc,1,2000,1,1,196,392000,0.1250,3.136
fc,1,2000,1,1,256,512000,0.1260,4.06349206349
fc,1,2000,1,1,320,640000,0.1340,4.77611940299
fc,1,2000,1,1,384,768000,0.1320,5.81818181818
fc,1,2000,1,1,512,1024000,0.1340,7.64179104478
fc,1,2000,1,1,768,1536000,0.1390,11.0503597122
fc,1,2000,1,1,1024,2048000,0.1490,13.744966443
fc,1,2000,1,1,1536,3072000,0.1670,18.3952095808
fc,1,2000,1,1,2048,4096000,0.2100,19.5047619048
fc,1,2000,1,1,2560,5120000,0.2890,17.7162629758
fc,1,2000,1,1,3072,6144000,0.3110,19.7556270096
fc,1,2000,1,1,3200,6400000,0.3190,20.0626959248
fc,1,2000,1,1,4096,8192000,0.3550,23.076056338
fc,1,576,1,1,64,36864,0.1050,0.351085714286
fc,1,576,1,1,128,73728,0.1070,0.689046728972
fc,1,576,1,1,196,112896,0.1050,1.0752
fc,1,576,1,1,256,147456,0.1080,1.36533333333
fc,1,576,1,1,320,184320,0.1060,1.73886792453
fc,1,576,1,1,384,221184,0.1040,2.12676923077
fc,1,576,1,1,512,294912,0.1090,2.7056146789
fc,1,576,1,1,768,442368,0.1140,3.88042105263
fc,1,576,1,1,1024,589824,0.1950,3.02473846154
fc,1,576,1,1,1536,884736,0.1970,4.49104568528
fc,1,576,1,1,2048,1179648,0.2130,5.53825352113
fc,1,576,1,1,2560,1474560,0.2130,6.92281690141
fc,1,576,1,1,3072,1769472,0.2310,7.66005194805
fc,1,576,1,1,3200,1843200,0.2300,8.01391304348
fc,1,576,1,1,4096,2359296,0.2640,8.93672727273
fc,1,4000,1,1,64,256000,0.1310,1.95419847328
fc,1,4000,1,1,128,512000,0.1350,3.79259259259
fc,1,4000,1,1,196,784000,0.1390,5.64028776978
fc,1,4000,1,1,256,1024000,0.1510,6.78145695364
fc,1,4000,1,1,320,1280000,0.1440,8.88888888889
fc,1,4000,1,1,384,1536000,0.1570,9.78343949045
fc,1,4000,1,1,512,2048000,0.1460,14.0273972603
fc,1,4000,1,1,768,3072000,0.1740,17.6551724138
fc,1,4000,1,1,1024,4096000,0.2150,19.0511627907
fc,1,4000,1,1,1536,6144000,0.3100,19.8193548387
fc,1,4000,1,1,2048,8192000,0.3640,22.5054945055
fc,1,4000,1,1,2560,10240000,0.4400,23.2727272727
fc,1,4000,1,1,3072,12288000,0.4810,25.5467775468
fc,1,4000,1,1,3200,12800000,0.5050,25.3465346535
fc,1,4000,1,1,4096,16384000,0.6450,25.4015503876
fc,1,3000,1,1,64,192000,0.1410,1.36170212766
fc,1,3000,1,1,128,384000,0.1320,2.90909090909
fc,1,3000,1,1,196,588000,0.1320,4.45454545455
fc,1,3000,1,1,256,768000,0.1350,5.68888888889
fc,1,3000,1,1,320,960000,0.1320,7.27272727273
fc,1,3000,1,1,384,1152000,0.1350,8.53333333333
fc,1,3000,1,1,512,1536000,0.1420,10.8169014085
fc,1,3000,1,1,768,2304000,0.1720,13.3953488372
fc,1,3000,1,1,1024,3072000,0.1890,16.253968254
fc,1,3000,1,1,1536,4608000,0.2910,15.8350515464
fc,1,3000,1,1,2048,6144000,0.3340,18.3952095808
fc,1,3000,1,1,2560,7680000,0.3970,19.3450881612
fc,1,3000,1,1,3072,9216000,0.4900,18.8081632653
fc,1,3000,1,1,3200,9600000,0.5150,18.640776699
fc,1,3000,1,1,4096,12288000,0.5910,20.7918781726
fc,1,768,1,1,64,49152,0.1210,0.406214876033
fc,1,768,1,1,128,98304,0.1190,0.826084033613
fc,1,768,1,1,196,150528,0.1280,1.176
fc,1,768,1,1,256,196608,0.1310,1.50082442748
fc,1,768,1,1,320,245760,0.1190,2.06521008403
fc,1,768,1,1,384,294912,0.1210,2.4372892562
fc,1,768,1,1,512,393216,0.1340,2.93444776119
fc,1,768,1,1,768,589824,0.1310,4.50247328244
fc,1,768,1,1,1024,786432,0.2380,3.30433613445
fc,1,768,1,1,1536,1179648,0.2410,4.89480497925
fc,1,768,1,1,2048,1572864,0.2600,6.04947692308
fc,1,768,1,1,2560,1966080,0.2620,7.5041221374
fc,1,768,1,1,3072,2359296,0.2880,8.192
fc,1,768,1,1,3200,2457600,0.2890,8.50380622837
fc,1,768,1,1,4096,3145728,0.3280,9.59063414634
fc,1,512,1,1,64,32768,0.0970,0.33781443299
fc,1,512,1,1,128,65536,0.0980,0.668734693878
fc,1,512,1,1,196,100352,0.1020,0.983843137255
fc,1,512,1,1,256,131072,0.1020,1.28501960784
fc,1,512,1,1,320,163840,0.0970,1.68907216495
fc,1,512,1,1,384,196608,0.1060,1.85479245283
fc,1,512,1,1,512,262144,0.1030,2.54508737864
fc,1,512,1,1,768,393216,0.1070,3.67491588785
fc,1,512,1,1,1024,524288,0.1830,2.86496174863
fc,1,512,1,1,1536,786432,0.1790,4.39347486034
fc,1,512,1,1,2048,1048576,0.2010,5.2167960199
fc,1,512,1,1,2560,1310720,0.2050,6.39375609756
fc,1,512,1,1,3072,1572864,0.2290,6.86840174672
fc,1,512,1,1,3200,1638400,0.2130,7.69201877934
fc,1,512,1,1,4096,2097152,0.2440,8.5948852459
fc,1,446,1,1,64,28544,0.1010,0.282613861386
fc,1,446,1,1,128,57088,0.0960,0.594666666667
fc,1,446,1,1,196,87416,0.1040,0.840538461538
fc,1,446,1,1,256,114176,0.0900,1.26862222222
fc,1,446,1,1,320,142720,0.0940,1.51829787234
fc,1,446,1,1,384,171264,0.0930,1.8415483871
fc,1,446,1,1,512,228352,0.0940,2.42927659574
fc,1,446,1,1,768,342528,0.0960,3.568
fc,1,446,1,1,1024,456704,0.1640,2.7847804878
fc,1,446,1,1,1536,685056,0.1740,3.93710344828
fc,1,446,1,1,2048,913408,0.1800,5.07448888889
fc,1,446,1,1,2560,1141760,0.1790,6.37854748603
fc,1,446,1,1,3072,1370112,0.2000,6.85056
fc,1,446,1,1,3200,1427200,0.2100,6.79619047619
fc,1,446,1,1,4096,1826816,0.2230,8.192
fc,1,1000,1,1,64,64000,0.1430,0.447552447552
fc,1,1000,1,1,128,128000,0.1410,0.90780141844
fc,1,1000,1,1,196,196000,0.1410,1.39007092199
fc,1,1000,1,1,256,256000,0.1470,1.74149659864
fc,1,1000,1,1,320,320000,0.1430,2.23776223776
fc,1,1000,1,1,384,384000,0.1440,2.66666666667
fc,1,1000,1,1,512,512000,0.1610,3.1801242236
fc,1,1000,1,1,768,768000,0.1620,4.74074074074
fc,1,1000,1,1,1024,1024000,0.2840,3.60563380282
fc,1,1000,1,1,1536,1536000,0.2900,5.29655172414
fc,1,1000,1,1,2048,2048000,0.3130,6.54313099042
fc,1,1000,1,1,2560,2560000,0.3160,8.10126582278
fc,1,1000,1,1,3072,3072000,0.3540,8.67796610169
fc,1,1000,1,1,3200,3200000,0.3560,8.98876404494
fc,1,1000,1,1,4096,4096000,0.4000,10.24
fc,1,64,1,1,64,4096,0.0570,0.0718596491228
fc,1,64,1,1,128,8192,0.0600,0.136533333333
fc,1,64,1,1,196,12544,0.0650,0.192984615385
fc,1,64,1,1,256,16384,0.0590,0.277694915254
fc,1,64,1,1,320,20480,0.0560,0.365714285714
fc,1,64,1,1,384,24576,0.0560,0.438857142857
fc,1,64,1,1,512,32768,0.0600,0.546133333333
fc,1,64,1,1,768,49152,0.0590,0.833084745763
fc,1,64,1,1,1024,65536,0.0550,1.19156363636
fc,1,64,1,1,1536,98304,0.0610,1.61154098361
fc,1,64,1,1,2048,131072,0.0800,1.6384
fc,1,64,1,1,2560,163840,0.0830,1.97397590361
fc,1,64,1,1,3072,196608,0.0830,2.36877108434
fc,1,64,1,1,3200,204800,0.0840,2.4380952381
fc,1,64,1,1,4096,262144,0.0890,2.94543820225
fc,64,640,1,1,64,2621440,0.1870,14.0183957219
fc,64,640,1,1,128,5242880,0.1790,29.2898324022
fc,64,640,1,1,196,8028160,0.1790,44.8500558659
fc,64,640,1,1,256,10485760,0.1830,57.2992349727
fc,64,640,1,1,320,13107200,0.1870,70.0919786096
fc,64,640,1,1,384,15728640,0.1780,88.3631460674
fc,64,640,1,1,512,20971520,0.1920,109.226666667
fc,64,640,1,1,768,31457280,0.1950,161.319384615
fc,64,640,1,1,1024,41943040,0.2030,206.615960591
fc,64,640,1,1,1536,62914560,0.2190,287.28109589
fc,64,640,1,1,2048,83886080,0.2550,328.965019608
fc,64,640,1,1,2560,104857600,0.2740,382.691970803
fc,64,640,1,1,3072,125829120,0.3280,383.625365854
fc,64,640,1,1,3200,131072000,0.3210,408.323987539
fc,64,640,1,1,4096,167772160,0.3470,483.493256484
fc,64,384,1,1,64,1572864,0.1290,12.192744186
fc,64,384,1,1,128,3145728,0.1270,24.769511811
fc,64,384,1,1,196,4816896,0.1320,36.4916363636
fc,64,384,1,1,256,6291456,0.1450,43.3893517241
fc,64,384,1,1,320,7864320,0.1330,59.1302255639
fc,64,384,1,1,384,9437184,0.1290,73.1564651163
fc,64,384,1,1,512,12582912,0.1300,96.7916307692
fc,64,384,1,1,768,18874368,0.1370,137.769109489
fc,64,384,1,1,1024,25165824,0.1500,167.77216
fc,64,384,1,1,1536,37748736,0.1590,237.413433962
fc,64,384,1,1,2048,50331648,0.1760,285.975272727
fc,64,384,1,1,2560,62914560,0.1960,320.992653061
fc,64,384,1,1,3072,75497472,0.2310,326.828883117
fc,64,384,1,1,3200,78643200,0.2230,352.660089686
fc,64,384,1,1,4096,100663296,0.2490,404.27026506
fc,64,2000,1,1,64,8192000,0.3340,24.5269461078
fc,64,2000,1,1,128,16384000,0.3420,47.9064327485
fc,64,2000,1,1,196,25088000,0.3410,73.5718475073
fc,64,2000,1,1,256,32768000,0.3630,90.2699724518
fc,64,2000,1,1,320,40960000,0.3690,111.002710027
fc,64,2000,1,1,384,49152000,0.3840,128.0
fc,64,2000,1,1,512,65536000,0.4850,135.125773196
fc,64,2000,1,1,768,98304000,0.5070,193.893491124
fc,64,2000,1,1,1024,131072000,0.5200,252.061538462
fc,64,2000,1,1,1536,196608000,0.5670,346.751322751
fc,64,2000,1,1,2048,262144000,0.6290,416.763116057
fc,64,2000,1,1,2560,327680000,0.6900,474.898550725
fc,64,2000,1,1,3072,393216000,0.9000,436.906666667
fc,64,2000,1,1,3200,409600000,0.9060,452.097130243
fc,64,2000,1,1,4096,524288000,0.9530,550.144805876
fc,64,576,1,1,64,2359296,0.2120,11.128754717
fc,64,576,1,1,128,4718592,0.1660,28.425253012
fc,64,576,1,1,196,7225344,0.1720,42.0078139535
fc,64,576,1,1,256,9437184,0.1650,57.1950545455
fc,64,576,1,1,320,11796480,0.1600,73.728
fc,64,576,1,1,384,14155776,0.1720,82.3010232558
fc,64,576,1,1,512,18874368,0.1740,108.47337931
fc,64,576,1,1,768,28311552,0.1790,158.165094972
fc,64,576,1,1,1024,37748736,0.1920,196.608
fc,64,576,1,1,1536,56623104,0.2130,265.836169014
fc,64,576,1,1,2048,75497472,0.2270,332.587982379
fc,64,576,1,1,2560,94371840,0.2470,382.072226721
fc,64,576,1,1,3072,113246208,0.2880,393.216
fc,64,576,1,1,3200,117964800,0.2940,401.240816327
fc,64,576,1,1,4096,150994944,0.3240,466.033777778
fc,64,4000,1,1,64,16384000,0.5080,32.2519685039
fc,64,4000,1,1,128,32768000,0.5350,61.2485981308
fc,64,4000,1,1,196,50176000,0.5480,91.5620437956
fc,64,4000,1,1,256,65536000,0.5840,112.219178082
fc,64,4000,1,1,320,81920000,0.5960,137.44966443
fc,64,4000,1,1,384,98304000,0.6890,142.676342525
fc,64,4000,1,1,512,131072000,0.9070,144.511576626
fc,64,4000,1,1,768,196608000,0.9040,217.486725664
fc,64,4000,1,1,1024,262144000,0.9690,270.530443756
fc,64,4000,1,1,1536,393216000,1.0690,367.83536015
fc,64,4000,1,1,2048,524288000,1.1770,445.444350042
fc,64,4000,1,1,2560,655360000,1.3210,496.109008327
fc,64,4000,1,1,3072,786432000,1.7170,458.026790914
fc,64,4000,1,1,3200,819200000,1.7360,471.889400922
fc,64,4000,1,1,4096,1048576000,1.9980,524.812812813
fc,64,3000,1,1,64,12288000,0.4100,29.9707317073
fc,64,3000,1,1,128,24576000,0.4250,57.8258823529
fc,64,3000,1,1,196,37632000,0.4400,85.5272727273
fc,64,3000,1,1,256,49152000,0.4840,101.553719008
fc,64,3000,1,1,320,61440000,0.4850,126.680412371
fc,64,3000,1,1,384,73728000,0.4800,153.6
fc,64,3000,1,1,512,98304000,0.6930,141.852813853
fc,64,3000,1,1,768,147456000,0.6920,213.086705202
fc,64,3000,1,1,1024,196608000,0.7450,263.903355705
fc,64,3000,1,1,1536,294912000,0.8270,356.604594921
fc,64,3000,1,1,2048,393216000,0.8980,437.879732739
fc,64,3000,1,1,2560,491520000,0.9970,492.998996991
fc,64,3000,1,1,3072,589824000,1.3150,448.535361217
fc,64,3000,1,1,3200,614400000,1.3860,443.29004329
fc,64,3000,1,1,4096,786432000,1.4100,557.753191489
fc,64,768,1,1,64,3145728,0.2030,15.4961970443
fc,64,768,1,1,128,6291456,0.2140,29.3993271028
fc,64,768,1,1,196,9633792,0.2030,47.4571034483
fc,64,768,1,1,256,12582912,0.2070,60.7870144928
fc,64,768,1,1,320,15728640,0.2130,73.8433802817
fc,64,768,1,1,384,18874368,0.2050,92.0700878049
fc,64,768,1,1,512,25165824,0.2380,105.738756303
fc,64,768,1,1,768,37748736,0.2260,167.02980531
fc,64,768,1,1,1024,50331648,0.2410,208.845012448
fc,64,768,1,1,1536,75497472,0.2630,287.062631179
fc,64,768,1,1,2048,100663296,0.2800,359.511771429
fc,64,768,1,1,2560,125829120,0.3100,405.900387097
fc,64,768,1,1,3072,150994944,0.3690,409.200390244
fc,64,768,1,1,3200,157286400,0.3890,404.335218509
fc,64,768,1,1,4096,201326592,0.4240,474.826867925
fc,64,512,1,1,64,2097152,0.1610,13.0257888199
fc,64,512,1,1,128,4194304,0.1600,26.2144
fc,64,512,1,1,196,6422528,0.1580,40.6489113924
fc,64,512,1,1,256,8388608,0.1540,54.4714805195
fc,64,512,1,1,320,10485760,0.1610,65.1289440994
fc,64,512,1,1,384,12582912,0.1650,76.2600727273
fc,64,512,1,1,512,16777216,0.1640,102.300097561
fc,64,512,1,1,768,25165824,0.2070,121.574028986
fc,64,512,1,1,1024,33554432,0.1740,192.841563218
fc,64,512,1,1,1536,50331648,0.1960,256.794122449
fc,64,512,1,1,2048,67108864,0.2100,319.566019048
fc,64,512,1,1,2560,83886080,0.2320,361.577931034
fc,64,512,1,1,3072,100663296,0.2680,375.609313433
fc,64,512,1,1,3200,104857600,0.2690,389.805204461
fc,64,512,1,1,4096,134217728,0.2950,454.975349153
fc,64,446,1,1,64,1826816,0.1440,12.6862222222
fc,64,446,1,1,128,3653632,0.1380,26.4755942029
fc,64,446,1,1,196,5594624,0.1420,39.3987605634
fc,64,446,1,1,256,7307264,0.1410,51.8245673759
fc,64,446,1,1,320,9134080,0.1400,65.2434285714
fc,64,446,1,1,384,10960896,0.1450,75.5923862069
fc,64,446,1,1,512,14614528,0.1480,98.7468108108
fc,64,446,1,1,768,21921792,0.1540,142.349298701
fc,64,446,1,1,1024,29229056,0.1610,181.546931677
fc,64,446,1,1,1536,43843584,0.1720,254.90455814
fc,64,446,1,1,2048,58458112,0.1970,296.741685279
fc,64,446,1,1,2560,73072640,0.2100,347.964952381
fc,64,446,1,1,3072,87687168,0.2390,366.891916318
fc,64,446,1,1,3200,91340800,0.2490,366.830522088
fc,64,446,1,1,4096,116916224,0.2710,431.425180812
fc,64,1000,1,1,64,4096000,0.2530,16.1897233202
fc,64,1000,1,1,128,8192000,0.2550,32.1254901961
fc,64,1000,1,1,196,12544000,0.2540,49.3858267717
fc,64,1000,1,1,256,16384000,0.2550,64.2509803922
fc,64,1000,1,1,320,20480000,0.2590,79.0733590734
fc,64,1000,1,1,384,24576000,0.2620,93.8015267176
fc,64,1000,1,1,512,32768000,0.2750,119.156363636
fc,64,1000,1,1,768,49152000,0.2730,180.043956044
fc,64,1000,1,1,1024,65536000,0.2890,226.76816609
fc,64,1000,1,1,1536,98304000,0.3290,298.796352584
fc,64,1000,1,1,2048,131072000,0.3620,362.077348066
fc,64,1000,1,1,2560,163840000,0.3870,423.359173127
fc,64,1000,1,1,3072,196608000,0.4690,419.206823028
fc,64,1000,1,1,3200,204800000,0.4860,421.399176955
fc,64,1000,1,1,4096,262144000,0.5280,496.484848485
fc,64,64,1,1,64,262144,0.0680,3.85505882353
fc,64,64,1,1,128,524288,0.0680,7.71011764706
fc,64,64,1,1,196,802816,0.0680,11.8061176471
fc,64,64,1,1,256,1048576,0.0670,15.6503880597
fc,64,64,1,1,320,1310720,0.0860,15.2409302326
fc,64,64,1,1,384,1572864,0.0680,23.1303529412
fc,64,64,1,1,512,2097152,0.0920,22.7951304348
fc,64,64,1,1,768,3145728,0.0690,45.5902608696
fc,64,64,1,1,1024,4194304,0.0690,60.7870144928
fc,64,64,1,1,1536,6291456,0.0730,86.1843287671
fc,64,64,1,1,2048,8388608,0.0970,86.4804948454
fc,64,64,1,1,2560,10485760,0.0800,131.072
fc,64,64,1,1,3072,12582912,0.0930,135.300129032
fc,64,64,1,1,3200,13107200,0.1260,104.025396825
fc,64,64,1,1,4096,16777216,0.1040,161.319384615
fc,256,640,1,1,64,10485760,0.4150,25.2668915663
fc,256,640,1,1,128,20971520,0.3690,56.8333875339
fc,256,640,1,1,196,32112640,0.3810,84.285144357
fc,256,640,1,1,256,41943040,0.3910,107.271202046
fc,256,640,1,1,320,52428800,0.3880,135.125773196
fc,256,640,1,1,384,62914560,0.5850,107.54625641
fc,256,640,1,1,512,83886080,0.5860,143.150307167
fc,256,640,1,1,768,125829120,0.5030,250.157296223
fc,256,640,1,1,1024,167772160,0.5430,308.97267035
fc,256,640,1,1,1536,251658240,0.6640,379.003373494
fc,256,640,1,1,2048,335544320,0.7570,443.255376486
fc,256,640,1,1,2560,419430400,0.7730,542.600776197
fc,256,640,1,1,3072,503316480,0.7930,634.699218159
fc,256,640,1,1,3200,524288000,0.7830,669.588761175
fc,256,640,1,1,4096,671088640,1.0160,660.520314961
fc,256,384,1,1,64,6291456,0.2430,25.8907654321
fc,256,384,1,1,128,12582912,0.2430,51.7815308642
fc,256,384,1,1,196,19267584,0.2580,74.6805581395
fc,256,384,1,1,256,25165824,0.2580,97.5419534884
fc,256,384,1,1,320,31457280,0.2540,123.847559055
fc,256,384,1,1,384,37748736,0.2750,137.268130909
fc,256,384,1,1,512,50331648,0.3090,162.885592233
fc,256,384,1,1,768,75497472,0.4090,184.590396088
fc,256,384,1,1,1024,100663296,0.3570,281.970016807
fc,256,384,1,1,1536,150994944,0.3590,420.598729805
fc,256,384,1,1,2048,201326592,0.5180,388.661374517
fc,256,384,1,1,2560,251658240,0.5120,491.52
fc,256,384,1,1,3072,301989888,0.5260,574.125262357
fc,256,384,1,1,3200,314572800,0.5240,600.329770992
fc,256,384,1,1,4096,402653184,0.6720,599.186285714
fc,256,2000,1,1,64,32768000,0.9390,34.8966986155
fc,256,2000,1,1,128,65536000,1.0030,65.3399800598
fc,256,2000,1,1,196,100352000,1.0110,99.2601384768
fc,256,2000,1,1,256,131072000,1.0810,121.250693802
fc,256,2000,1,1,320,163840000,1.0210,160.470127326
fc,256,2000,1,1,384,196608000,1.0520,186.88973384
fc,256,2000,1,1,512,262144000,1.1280,232.397163121
fc,256,2000,1,1,768,393216000,1.4130,278.284501062
fc,256,2000,1,1,1024,524288000,1.4040,373.424501425
fc,256,2000,1,1,1536,786432000,1.4430,544.997920998
fc,256,2000,1,1,2048,1048576000,2.0690,506.803286612
fc,256,2000,1,1,2560,1310720000,2.0530,638.441305407
fc,256,2000,1,1,3072,1572864000,2.0630,762.415899176
fc,256,2000,1,1,3200,1638400000,2.1030,779.077508321
fc,256,2000,1,1,4096,2097152000,2.7510,762.32351872
fc,256,576,1,1,64,9437184,0.3370,28.0035133531
fc,256,576,1,1,128,18874368,0.3410,55.3500527859
fc,256,576,1,1,196,28901376,0.3450,83.7721043478
fc,256,576,1,1,256,37748736,0.3570,105.738756303
fc,256,576,1,1,320,47185920,0.3720,126.843870968
fc,256,576,1,1,384,56623104,0.3790,149.401329815
fc,256,576,1,1,512,75497472,0.4000,188.74368
fc,256,576,1,1,768,113246208,0.4670,242.497233405
fc,256,576,1,1,1024,150994944,0.4990,302.595078156
fc,256,576,1,1,1536,226492416,0.5060,447.613470356
fc,256,576,1,1,2048,301989888,0.6980,432.650269341
fc,256,576,1,1,2560,377487360,0.7090,532.422228491
fc,256,576,1,1,3072,452984832,0.7100,638.006805634
fc,256,576,1,1,3200,471859200,0.7250,650.840275862
fc,256,576,1,1,4096,603979776,0.9420,641.167490446
fc,256,4000,1,1,64,65536000,1.4830,44.1915037087
fc,256,4000,1,1,128,131072000,1.8180,72.096809681
fc,256,4000,1,1,196,200704000,1.8320,109.554585153
fc,256,4000,1,1,256,262144000,1.9660,133.338758901
fc,256,4000,1,1,320,327680000,2.0210,162.137555666
fc,256,4000,1,1,384,393216000,2.0400,192.752941176
fc,256,4000,1,1,512,524288000,2.0830,251.698511762
fc,256,4000,1,1,768,786432000,2.6750,293.993271028
fc,256,4000,1,1,1024,1048576000,2.7380,382.971512053
fc,256,4000,1,1,1536,1572864000,2.6930,584.056442629
fc,256,4000,1,1,2048,2097152000,3.8860,539.668553783
fc,256,4000,1,1,2560,2621440000,3.8850,674.759330759
fc,256,4000,1,1,3072,3145728000,3.9040,805.770491803
fc,256,4000,1,1,3200,3276800000,4.7340,692.184199409
fc,256,4000,1,1,4096,4194304000,5.1560,813.480217223
fc,256,3000,1,1,64,49152000,1.1670,42.118251928
fc,256,3000,1,1,128,98304000,1.4770,66.5565335139
fc,256,3000,1,1,196,150528000,1.4830,101.502360081
fc,256,3000,1,1,256,196608000,1.4700,133.746938776
fc,256,3000,1,1,320,245760000,1.4500,169.489655172
fc,256,3000,1,1,384,294912000,1.5440,191.005181347
fc,256,3000,1,1,512,393216000,1.5950,246.530407524
fc,256,3000,1,1,768,589824000,2.0530,287.298587433
fc,256,3000,1,1,1024,786432000,2.0260,388.169792695
fc,256,3000,1,1,1536,1179648000,2.0310,580.82127031
fc,256,3000,1,1,2048,1572864000,3.0010,524.113295568
fc,256,3000,1,1,2560,1966080000,2.9730,661.311806256
fc,256,3000,1,1,3072,2359296000,2.9890,789.326196052
fc,256,3000,1,1,3200,2457600000,3.1260,786.180422265
fc,256,3000,1,1,4096,3145728000,4.2250,744.551005917
fc,256,768,1,1,64,12582912,0.4320,29.1271111111
fc,256,768,1,1,128,25165824,0.4440,56.6797837838
fc,256,768,1,1,196,38535168,0.4460,86.4017219731
fc,256,768,1,1,256,50331648,0.4640,108.47337931
fc,256,768,1,1,320,62914560,0.4580,137.368034934
fc,256,768,1,1,384,75497472,0.4780,157.944502092
fc,256,768,1,1,512,100663296,0.5050,199.333259406
fc,256,768,1,1,768,150994944,0.6050,249.578419835
fc,256,768,1,1,1024,201326592,0.6330,318.051488152
fc,256,768,1,1,1536,301989888,0.6360,474.826867925
fc,256,768,1,1,2048,402653184,0.9460,425.637615222
fc,256,768,1,1,2560,503316480,0.9100,553.095032967
fc,256,768,1,1,3072,603979776,0.9210,655.786944625
fc,256,768,1,1,3200,629145600,0.9580,656.728183716
fc,256,768,1,1,4096,805306368,1.2300,654.72062439
fc,256,512,1,1,64,8388608,0.3130,26.8006645367
fc,256,512,1,1,128,16777216,0.3120,53.7731282051
fc,256,512,1,1,196,25690112,0.3100,82.8713290323
fc,256,512,1,1,256,33554432,0.3180,105.517081761
fc,256,512,1,1,320,41943040,0.3230,129.854613003
fc,256,512,1,1,384,50331648,0.3430,146.739498542
fc,256,512,1,1,512,67108864,0.3650,183.85990137
fc,256,512,1,1,768,100663296,0.4130,243.736794189
fc,256,512,1,1,1024,134217728,0.4460,300.936609865
fc,256,512,1,1,1536,201326592,0.4520,445.412814159
fc,256,512,1,1,2048,268435456,0.6450,416.17900155
fc,256,512,1,1,2560,335544320,0.6400,524.288
fc,256,512,1,1,3072,402653184,0.6420,627.18564486
fc,256,512,1,1,3200,419430400,0.6500,645.277538462
fc,256,512,1,1,4096,536870912,0.8630,622.098391657
fc,256,446,1,1,64,7307264,0.2820,25.9122836879
fc,256,446,1,1,128,14614528,0.2770,52.7600288809
fc,256,446,1,1,196,22378496,0.2760,81.0815072464
fc,256,446,1,1,256,29229056,0.2840,102.919211268
fc,256,446,1,1,320,36536320,0.2850,128.197614035
fc,256,446,1,1,384,43843584,0.3020,145.177430464
fc,256,446,1,1,512,58458112,0.3240,180.426271605
fc,256,446,1,1,768,87687168,0.3720,235.718193548
fc,256,446,1,1,1024,116916224,0.4190,279.036334129
fc,256,446,1,1,1536,175374336,0.4090,428.788107579
fc,256,446,1,1,2048,233832448,0.5740,407.373602787
fc,256,446,1,1,2560,292290560,0.5800,503.949241379
fc,256,446,1,1,3072,350748672,0.6220,563.904617363
fc,256,446,1,1,3200,365363200,0.6690,546.133333333
fc,256,446,1,1,4096,467664896,0.7520,621.894808511
fc,256,1000,1,1,64,16384000,0.5510,29.7350272232
fc,256,1000,1,1,128,32768000,0.5590,58.6189624329
fc,256,1000,1,1,196,50176000,0.5710,87.8739054291
fc,256,1000,1,1,256,65536000,0.6340,103.369085174
fc,256,1000,1,1,320,81920000,0.5790,141.485319516
fc,256,1000,1,1,384,98304000,0.5960,164.939597315
fc,256,1000,1,1,512,131072000,0.6310,207.721077655
fc,256,1000,1,1,768,196608000,0.7680,256.0
fc,256,1000,1,1,1024,262144000,0.8090,324.03461063
fc,256,1000,1,1,1536,393216000,0.8180,480.704156479
fc,256,1000,1,1,2048,524288000,1.1240,466.448398577
fc,256,1000,1,1,2560,655360000,1.1270,581.508429459
fc,256,1000,1,1,3072,786432000,1.1430,688.041994751
fc,256,1000,1,1,3200,819200000,1.1490,712.967798085
fc,256,1000,1,1,4096,1048576000,1.5050,696.728239203
fc,256,64,1,1,64,1048576,0.0830,12.6334457831
fc,256,64,1,1,128,2097152,0.0810,25.8907654321
fc,256,64,1,1,196,3211264,0.0850,37.7795764706
fc,256,64,1,1,256,4194304,0.0870,48.2103908046
fc,256,64,1,1,320,5242880,0.0860,60.9637209302
fc,256,64,1,1,384,6291456,0.0870,72.3155862069
fc,256,64,1,1,512,8388608,0.0930,90.2000860215
fc,256,64,1,1,768,12582912,0.1020,123.361882353
fc,256,64,1,1,1024,16777216,0.1210,138.654677686
fc,256,64,1,1,1536,25165824,0.1400,179.755885714
fc,256,64,1,1,2048,33554432,0.1800,186.413511111
fc,256,64,1,1,2560,41943040,0.2060,203.606990291
fc,256,64,1,1,3072,50331648,0.1990,252.922854271
fc,256,64,1,1,3200,52428800,0.1960,267.493877551
fc,256,64,1,1,4096,67108864,0.2440,275.036327869
fc,320,640,1,1,64,13107200,0.4490,29.1919821826
fc,320,640,1,1,128,26214400,0.4440,59.0414414414
fc,320,640,1,1,196,40140800,0.4530,88.6110375276
fc,320,640,1,1,256,52428800,0.4790,109.454697286
fc,320,640,1,1,320,65536000,0.4750,137.970526316
fc,320,640,1,1,384,78643200,0.4780,164.525523013
fc,320,640,1,1,512,104857600,0.5250,199.728761905
fc,320,640,1,1,768,157286400,0.6010,261.7078203
fc,320,640,1,1,1024,209715200,0.6930,302.619336219
fc,320,640,1,1,1536,314572800,0.7530,417.75936255
fc,320,640,1,1,2048,419430400,0.9780,428.865439673
fc,320,640,1,1,2560,524288000,0.8890,589.750281215
fc,320,640,1,1,3072,629145600,0.9970,631.038716148
fc,320,640,1,1,3200,655360000,1.0440,627.739463602
fc,320,640,1,1,4096,838860800,1.3580,617.717820324
fc,320,384,1,1,64,7864320,0.2800,28.0868571429
fc,320,384,1,1,128,15728640,0.2830,55.5782332155
fc,320,384,1,1,196,24084480,0.2970,81.0925252525
fc,320,384,1,1,256,31457280,0.3220,97.6934161491
fc,320,384,1,1,320,39321600,0.3080,127.667532468
fc,320,384,1,1,384,47185920,0.3070,153.700065147
fc,320,384,1,1,512,62914560,0.3450,182.361043478
fc,320,384,1,1,768,94371840,0.3880,243.226391753
fc,320,384,1,1,1024,125829120,0.4760,264.346890756
fc,320,384,1,1,1536,188743680,0.5090,370.812730845
fc,320,384,1,1,2048,251658240,0.5710,440.732469352
fc,320,384,1,1,2560,314572800,0.5890,534.079456706
fc,320,384,1,1,3072,377487360,0.7040,536.203636364
fc,320,384,1,1,3200,393216000,0.7040,558.545454545
fc,320,384,1,1,4096,503316480,0.8810,571.301339387
fc,320,2000,1,1,64,40960000,0.9560,42.8451882845
fc,320,2000,1,1,128,81920000,1.0880,75.2941176471
fc,320,2000,1,1,196,125440000,1.1220,111.800356506
fc,320,2000,1,1,256,163840000,2.2020,74.4050862852
fc,320,2000,1,1,320,204800000,1.2080,169.536423841
fc,320,2000,1,1,384,245760000,1.1790,208.44783715
fc,320,2000,1,1,512,327680000,1.3290,246.561324304
fc,320,2000,1,1,768,491520000,1.5470,317.724628313
fc,320,2000,1,1,1024,655360000,1.7820,367.766554433
fc,320,2000,1,1,1536,983040000,1.8860,521.230116649
fc,320,2000,1,1,2048,1310720000,2.1660,605.13388735
fc,320,2000,1,1,2560,1638400000,2.2770,719.543258674
fc,320,2000,1,1,3072,1966080000,2.8690,685.284071105
fc,320,2000,1,1,3200,2048000000,2.9430,695.8885491
fc,320,2000,1,1,4096,2621440000,3.5550,737.395218003
fc,320,576,1,1,64,11796480,0.3920,30.0930612245
fc,320,576,1,1,128,23592960,0.3990,59.1302255639
fc,320,576,1,1,196,36126720,0.4210,85.8116864608
fc,320,576,1,1,256,47185920,0.4160,113.427692308
fc,320,576,1,1,320,58982400,0.4380,134.663013699
fc,320,576,1,1,384,70778880,0.4410,160.496326531
fc,320,576,1,1,512,94371840,0.5330,177.057861163
fc,320,576,1,1,768,141557760,0.5460,259.263296703
fc,320,576,1,1,1024,188743680,0.8270,228.22694075
fc,320,576,1,1,1536,283115520,0.6800,416.346352941
fc,320,576,1,1,2048,377487360,0.8840,427.021900452
fc,320,576,1,1,2560,471859200,0.8880,531.372972973
fc,320,576,1,1,3072,566231040,0.9680,584.949421488
fc,320,576,1,1,3200,589824000,0.9570,616.326018809
fc,320,576,1,1,4096,754974720,1.1150,677.107372197
fc,320,4000,1,1,64,81920000,2.1730,37.6990335941
fc,320,4000,1,1,128,163840000,2.1360,76.7041198502
fc,320,4000,1,1,196,250880000,2.3180,108.231233822
fc,320,4000,1,1,256,327680000,2.3920,136.989966555
fc,320,4000,1,1,320,409600000,2.3090,177.392810741
fc,320,4000,1,1,384,491520000,2.2810,215.484436651
fc,320,4000,1,1,512,655360000,2.5150,260.580516899
fc,320,4000,1,1,768,983040000,3.2120,306.052303861
fc,320,4000,1,1,1024,1310720000,2.9690,441.468507915
fc,320,4000,1,1,1536,1966080000,3.6500,538.652054795
fc,320,4000,1,1,2048,2621440000,4.8140,544.545076859
fc,320,4000,1,1,2560,3276800000,5.1290,638.876974069
fc,320,4000,1,1,3072,3932160000,5.2970,742.337171984
fc,320,4000,1,1,3200,4096000000,5.5650,736.028751123
fc,320,4000,1,1,4096,5242880000,7.0120,747.701083856
fc,320,3000,1,1,64,61440000,1.5740,39.0343074968
fc,320,3000,1,1,128,122880000,1.6970,72.4101355333
fc,320,3000,1,1,196,188160000,1.7380,108.262370541
fc,320,3000,1,1,256,245760000,1.7660,139.161947905
fc,320,3000,1,1,320,307200000,1.9300,159.170984456
fc,320,3000,1,1,384,368640000,1.8210,202.438220758
fc,320,3000,1,1,512,491520000,1.9960,246.25250501
fc,320,3000,1,1,768,737280000,2.4070,306.306605733
fc,320,3000,1,1,1024,983040000,2.3210,423.541576907
fc,320,3000,1,1,1536,1474560000,2.7720,531.948051948
fc,320,3000,1,1,2048,1966080000,3.6660,536.301145663
fc,320,3000,1,1,2560,2457600000,3.7700,651.883289125
fc,320,3000,1,1,3072,2949120000,3.7310,790.436880193
fc,320,3000,1,1,3200,3072000000,4.3250,710.289017341
fc,320,3000,1,1,4096,3932160000,5.3450,735.670720299
fc,320,768,1,1,64,15728640,0.5250,29.9593142857
fc,320,768,1,1,128,31457280,0.5430,57.9323756906
fc,320,768,1,1,196,48168960,0.5270,91.4022011385
fc,320,768,1,1,256,62914560,0.5330,118.038574109
fc,320,768,1,1,320,78643200,0.5580,140.937634409
fc,320,768,1,1,384,94371840,0.5570,169.428797127
fc,320,768,1,1,512,125829120,0.6120,205.603137255
fc,320,768,1,1,768,188743680,0.6990,270.019570815
fc,320,768,1,1,1024,251658240,0.8990,279.931301446
fc,320,768,1,1,1536,377487360,0.8590,439.449778813
fc,320,768,1,1,2048,503316480,1.1280,446.202553191
fc,320,768,1,1,2560,629145600,1.0820,581.465434381
fc,320,768,1,1,3072,754974720,1.2500,603.979776
fc,320,768,1,1,3200,786432000,1.2900,609.637209302
fc,320,768,1,1,4096,1006632960,1.5710,640.759363463
fc,320,512,1,1,64,10485760,0.3520,29.7890909091
fc,320,512,1,1,128,20971520,0.3610,58.0928531856
fc,320,512,1,1,196,32112640,0.3700,86.7909189189
fc,320,512,1,1,256,41943040,0.3800,110.376421053
fc,320,512,1,1,320,52428800,0.4250,123.361882353
fc,320,512,1,1,384,62914560,0.3940,159.681624365
fc,320,512,1,1,512,83886080,0.4510,186.000177384
fc,320,512,1,1,768,125829120,0.4910,256.271120163
fc,320,512,1,1,1024,167772160,0.5060,331.565533597
fc,320,512,1,1,1536,251658240,0.6070,414.593476112
fc,320,512,1,1,2048,335544320,0.6910,485.5923589
fc,320,512,1,1,2560,419430400,0.7380,568.333875339
fc,320,512,1,1,3072,503316480,0.8770,573.90704675
fc,320,512,1,1,3200,524288000,0.8450,620.459171598
fc,320,512,1,1,4096,671088640,1.1050,607.320036199
fc,320,446,1,1,64,9134080,0.3310,27.595407855
fc,320,446,1,1,128,18268160,0.5940,30.7544781145
fc,320,446,1,1,196,27973120,0.3370,83.0062908012
fc,320,446,1,1,256,36536320,0.3310,110.38163142
fc,320,446,1,1,320,45670400,0.3470,131.614985591
fc,320,446,1,1,384,54804480,0.3560,153.945168539
fc,320,446,1,1,512,73072640,0.3880,188.331546392
fc,320,446,1,1,768,109608960,0.4340,252.555207373
fc,320,446,1,1,1024,146145280,0.5270,277.315521822
fc,320,446,1,1,1536,219217920,0.5380,407.468252788
fc,320,446,1,1,2048,292290560,0.6180,472.962071197
fc,320,446,1,1,2560,365363200,0.7390,494.402165088
fc,320,446,1,1,3072,438435840,0.7940,552.186196474
fc,320,446,1,1,3200,456704000,0.8120,562.443349754
fc,320,446,1,1,4096,584581120,0.9540,612.768469602
fc,320,1000,1,1,64,20480000,0.6340,32.3028391167
fc,320,1000,1,1,128,40960000,0.6560,62.4390243902
fc,320,1000,1,1,196,62720000,0.7100,88.338028169
fc,320,1000,1,1,256,81920000,0.6730,121.723625557
fc,320,1000,1,1,320,102400000,0.6380,160.501567398
fc,320,1000,1,1,384,122880000,0.6420,191.401869159
fc,320,1000,1,1,512,163840000,0.7030,233.058321479
fc,320,1000,1,1,768,245760000,0.8340,294.676258993
fc,320,1000,1,1,1024,327680000,0.9570,342.403343783
fc,320,1000,1,1,1536,491520000,1.0170,483.303834808
fc,320,1000,1,1,2048,655360000,1.3530,484.375461936
fc,320,1000,1,1,2560,819200000,1.2740,643.014128728
fc,320,1000,1,1,3072,983040000,1.5420,637.509727626
fc,320,1000,1,1,3200,1024000000,1.5630,655.150351887
fc,320,1000,1,1,4096,1310720000,1.9150,684.449086162
fc,320,64,1,1,64,1310720,0.0900,14.5635555556
fc,320,64,1,1,128,2621440,0.0920,28.4939130435
fc,320,64,1,1,196,4014080,0.0950,42.2534736842
fc,320,64,1,1,256,5242880,0.1100,47.6625454545
fc,320,64,1,1,320,6553600,0.0950,68.9852631579
fc,320,64,1,1,384,7864320,0.0970,81.0754639175
fc,320,64,1,1,512,10485760,0.1040,100.824615385
fc,320,64,1,1,768,15728640,0.1150,136.770782609
fc,320,64,1,1,1024,20971520,0.1400,149.796571429
fc,320,64,1,1,1536,31457280,0.1710,183.960701754
fc,320,64,1,1,2048,41943040,0.2050,204.600195122
fc,320,64,1,1,2560,52428800,0.2240,234.057142857
fc,320,64,1,1,3072,62914560,0.2390,263.24083682
fc,320,64,1,1,3200,65536000,0.2500,262.144
fc,320,64,1,1,4096,83886080,0.2950,284.35959322
fc,384,640,1,1,64,15728640,0.4940,31.8393522267
fc,384,640,1,1,128,31457280,0.5000,62.91456
fc,384,640,1,1,196,48168960,0.5180,92.9902702703
fc,384,640,1,1,256,62914560,0.5410,116.293086876
fc,384,640,1,1,320,78643200,0.5380,146.176951673
fc,384,640,1,1,384,94371840,0.5640,167.325957447
fc,384,640,1,1,512,125829120,0.6570,191.520730594
fc,384,640,1,1,768,188743680,0.6840,275.941052632
fc,384,640,1,1,1024,251658240,0.7670,328.107222947
fc,384,640,1,1,1536,377487360,0.8800,428.962909091
fc,384,640,1,1,2048,503316480,1.0310,488.182812803
fc,384,640,1,1,2560,629145600,0.9580,656.728183716
fc,384,640,1,1,3072,754974720,1.1500,656.499756522
fc,384,640,1,1,3200,786432000,1.1100,708.497297297
fc,384,640,1,1,4096,1006632960,1.4080,714.938181818
fc,384,384,1,1,64,9437184,0.3170,29.77029653
fc,384,384,1,1,128,18874368,0.3220,58.6160496894
fc,384,384,1,1,196,28901376,0.3330,86.7909189189
fc,384,384,1,1,256,37748736,0.3450,109.416626087
fc,384,384,1,1,320,47185920,0.3500,134.816914286
fc,384,384,1,1,384,56623104,0.3650,155.131791781
fc,384,384,1,1,512,75497472,0.4030,187.338640199
fc,384,384,1,1,768,113246208,0.4420,256.213140271
fc,384,384,1,1,1024,150994944,0.5080,297.234141732
fc,384,384,1,1,1536,226492416,0.5480,413.307328467
fc,384,384,1,1,2048,301989888,0.6760,446.73060355
fc,384,384,1,1,2560,377487360,0.6350,594.468283465
fc,384,384,1,1,3072,452984832,0.7730,586.008838292
fc,384,384,1,1,3200,471859200,0.7290,647.269135802
fc,384,384,1,1,4096,603979776,0.9380,643.901680171
fc,384,2000,1,1,64,49152000,1.1790,41.68956743
fc,384,2000,1,1,128,98304000,1.2860,76.4416796267
fc,384,2000,1,1,196,150528000,1.3240,113.6918429
fc,384,2000,1,1,256,196608000,1.3680,143.719298246
fc,384,2000,1,1,320,245760000,1.4100,174.29787234
fc,384,2000,1,1,384,294912000,1.4700,200.620408163
fc,384,2000,1,1,512,393216000,1.6920,232.397163121
fc,384,2000,1,1,768,589824000,1.8640,316.429184549
fc,384,2000,1,1,1024,786432000,2.0830,377.547767643
fc,384,2000,1,1,1536,1179648000,2.7550,428.184392015
fc,384,2000,1,1,2048,1572864000,2.7200,578.258823529
fc,384,2000,1,1,2560,1966080000,2.8750,683.853913043
fc,384,2000,1,1,3072,2359296000,3.0700,768.500325733
fc,384,2000,1,1,3200,2457600000,3.2020,767.520299813
fc,384,2000,1,1,4096,3145728000,3.7810,831.983073261
fc,384,576,1,1,64,14155776,0.4680,30.2473846154
fc,384,576,1,1,128,28311552,0.4700,60.2373446809
fc,384,576,1,1,196,43352064,0.4790,90.5053528184
fc,384,576,1,1,256,56623104,0.4880,116.03095082
fc,384,576,1,1,320,70778880,0.4940,143.27708502
fc,384,576,1,1,384,84934656,0.5150,164.921662136
fc,384,576,1,1,512,113246208,0.6120,185.042823529
fc,384,576,1,1,768,169869312,0.6300,269.633828571
fc,384,576,1,1,1024,226492416,0.6090,371.908729064
fc,384,576,1,1,1536,339738624,0.7360,461.601391304
fc,384,576,1,1,2048,452984832,0.9470,478.336675818
fc,384,576,1,1,2560,566231040,0.9560,592.291882845
fc,384,576,1,1,3072,679477248,0.9700,700.492008247
fc,384,576,1,1,3200,707788800,1.0090,701.475520317
fc,384,576,1,1,4096,905969664,1.3160,688.426796353
fc,384,4000,1,1,64,98304000,2.3190,42.3906856404
fc,384,4000,1,1,128,196608000,2.3490,83.6985951469
fc,384,4000,1,1,196,301056000,2.6290,114.513503233
fc,384,4000,1,1,256,393216000,2.5330,155.237268062
fc,384,4000,1,1,320,491520000,2.5700,191.252918288
fc,384,4000,1,1,384,589824000,2.6470,222.827351719
fc,384,4000,1,1,512,786432000,3.3560,234.336114422
fc,384,4000,1,1,768,1179648000,3.8000,310.433684211
fc,384,4000,1,1,1024,1572864000,3.8890,404.439187452
fc,384,4000,1,1,1536,2359296000,3.9290,600.482565538
fc,384,4000,1,1,2048,3145728000,5.3490,588.096466629
fc,384,4000,1,1,2560,3932160000,5.4530,721.100311755
fc,384,4000,1,1,3072,4718592000,6.1660,765.259811872
fc,384,4000,1,1,3200,4915200000,5.9570,825.11331207
fc,384,4000,1,1,4096,6291456000,7.5130,837.409290563
fc,384,3000,1,1,64,73728000,1.5410,47.844256976
fc,384,3000,1,1,128,147456000,1.9300,76.4020725389
fc,384,3000,1,1,196,225792000,1.9440,116.148148148
fc,384,3000,1,1,256,294912000,2.0340,144.991150442
fc,384,3000,1,1,320,368640000,2.0380,180.883218842
fc,384,3000,1,1,384,442368000,2.1520,205.56133829
fc,384,3000,1,1,512,589824000,2.3970,246.067584481
fc,384,3000,1,1,768,884736000,2.6090,339.109237256
fc,384,3000,1,1,1024,1179648000,2.9310,402.472876151
fc,384,3000,1,1,1536,1769472000,2.9390,602.066008847
fc,384,3000,1,1,2048,2359296000,3.4890,676.209802236
fc,384,3000,1,1,2560,2949120000,4.0530,727.638786084
fc,384,3000,1,1,3072,3538944000,4.1730,848.057512581
fc,384,3000,1,1,3200,3686400000,5.0760,726.241134752
fc,384,3000,1,1,4096,4718592000,5.5550,849.43150315
fc,384,768,1,1,64,18874368,0.6020,31.3527707641
fc,384,768,1,1,128,37748736,0.8390,44.992533969
fc,384,768,1,1,196,57802752,0.6880,84.015627907
fc,384,768,1,1,256,75497472,0.6940,108.785982709
fc,384,768,1,1,320,94371840,0.6580,143.42224924
fc,384,768,1,1,384,113246208,0.6180,183.246291262
fc,384,768,1,1,512,150994944,0.7000,215.707062857
fc,384,768,1,1,768,226492416,0.7890,287.062631179
fc,384,768,1,1,1024,301989888,0.8220,367.384291971
fc,384,768,1,1,1536,452984832,0.8950,506.128303911
fc,384,768,1,1,2048,603979776,1.0730,562.888887232
fc,384,768,1,1,2560,754974720,1.2000,629.1456
fc,384,768,1,1,3072,905969664,1.3360,678.121005988
fc,384,768,1,1,3200,943718400,1.3170,716.566742597
fc,384,768,1,1,4096,1207959552,1.6570,729.003954134
fc,384,512,1,1,64,12582912,0.4030,31.2231066998
fc,384,512,1,1,128,25165824,0.4190,60.0616324582
fc,384,512,1,1,196,38535168,0.4260,90.4581408451
fc,384,512,1,1,256,50331648,0.4440,113.359567568
fc,384,512,1,1,320,62914560,0.4500,139.810133333
fc,384,512,1,1,384,75497472,0.4640,162.710068966
fc,384,512,1,1,512,100663296,0.5150,195.46271068
fc,384,512,1,1,768,150994944,0.5800,260.336110345
fc,384,512,1,1,1024,201326592,0.6340,317.549829653
fc,384,512,1,1,1536,301989888,0.6640,454.804048193
fc,384,512,1,1,2048,402653184,0.8730,461.229305842
fc,384,512,1,1,2560,503316480,0.8380,600.616324582
fc,384,512,1,1,3072,603979776,0.9650,625.885778238
fc,384,512,1,1,3200,629145600,0.9660,651.289440994
fc,384,512,1,1,4096,805306368,1.0830,743.588520776
fc,384,446,1,1,64,10960896,0.3840,28.544
fc,384,446,1,1,128,21921792,0.3640,60.2247032967
fc,384,446,1,1,196,33567744,0.4120,81.4751067961
fc,384,446,1,1,256,43843584,0.4160,105.393230769
fc,384,446,1,1,320,54804480,0.4050,135.319703704
fc,384,446,1,1,384,65765376,0.4170,157.710733813
fc,384,446,1,1,512,87687168,0.4560,192.296421053
fc,384,446,1,1,768,131530752,0.5110,257.398731898
fc,384,446,1,1,1024,175374336,0.4920,356.451902439
fc,384,446,1,1,1536,263061504,0.5900,445.866955932
fc,384,446,1,1,2048,350748672,0.7770,451.413992278
fc,384,446,1,1,2560,438435840,0.7970,550.10770389
fc,384,446,1,1,3072,526123008,0.8700,604.739089655
fc,384,446,1,1,3200,548044800,0.8290,661.091435464
fc,384,446,1,1,4096,701497344,0.9900,708.583175758
fc,384,1000,1,1,64,24576000,0.7020,35.0085470085
fc,384,1000,1,1,128,49152000,0.7540,65.1883289125
fc,384,1000,1,1,196,75264000,0.7550,99.6874172185
fc,384,1000,1,1,256,98304000,0.7490,131.246995995
fc,384,1000,1,1,320,122880000,0.7470,164.497991968
fc,384,1000,1,1,384,147456000,0.7480,197.13368984
fc,384,1000,1,1,512,196608000,0.8970,219.183946488
fc,384,1000,1,1,768,294912000,1.0540,279.802656546
fc,384,1000,1,1,1024,393216000,1.0730,366.464119292
fc,384,1000,1,1,1536,589824000,1.1020,535.230490018
fc,384,1000,1,1,2048,786432000,1.4370,547.27348643
fc,384,1000,1,1,2560,983040000,1.4820,663.319838057
fc,384,1000,1,1,3072,1179648000,1.6090,733.155997514
fc,384,1000,1,1,3200,1228800000,1.6220,757.58323058
fc,384,1000,1,1,4096,1572864000,1.8560,847.448275862
fc,384,64,1,1,64,1572864,0.0980,16.0496326531
fc,384,64,1,1,128,3145728,0.1000,31.45728
fc,384,64,1,1,196,4816896,0.1030,46.7659805825
fc,384,64,1,1,256,6291456,0.1230,51.1500487805
fc,384,64,1,1,320,7864320,0.1100,71.4938181818
fc,384,64,1,1,384,9437184,0.1050,89.8779428571
fc,384,64,1,1,512,12582912,0.1230,102.300097561
fc,384,64,1,1,768,18874368,0.1330,141.912541353
fc,384,64,1,1,1024,25165824,0.1550,162.360154839
fc,384,64,1,1,1536,37748736,0.1820,207.410637363
fc,384,64,1,1,2048,50331648,0.2210,227.745013575
fc,384,64,1,1,2560,62914560,0.2370,265.462278481
fc,384,64,1,1,3072,75497472,0.2590,291.496030888
fc,384,64,1,1,3200,78643200,0.2700,291.271111111
fc,384,64,1,1,4096,100663296,0.3130,321.607974441
fc,446,640,1,1,64,18268160,0.5960,30.6512751678
fc,446,640,1,1,128,36536320,0.6340,57.6282649842
fc,446,640,1,1,196,55946240,0.6440,86.8730434783
fc,446,640,1,1,256,73072640,0.6400,114.176
fc,446,640,1,1,320,91340800,0.6930,131.804906205
fc,446,640,1,1,384,109608960,0.6960,157.484137931
fc,446,640,1,1,512,146145280,0.7070,206.7118529
fc,446,640,1,1,768,219217920,0.7780,281.771105398
fc,446,640,1,1,1024,292290560,0.9310,313.953340494
fc,446,640,1,1,1536,438435840,0.9430,464.937264051
fc,446,640,1,1,2048,584581120,1.1940,489.598927973
fc,446,640,1,1,2560,730726400,1.2980,562.963328197
fc,446,640,1,1,3072,876871680,1.3510,649.053797187
fc,446,640,1,1,3200,913408000,1.3460,678.609212481
fc,446,640,1,1,4096,1169162240,1.6950,689.771233038
fc,446,384,1,1,64,10960896,0.3540,30.9629830508
fc,446,384,1,1,128,21921792,0.3780,57.9941587302
fc,446,384,1,1,196,33567744,0.3780,88.8035555556
fc,446,384,1,1,256,43843584,0.3980,110.159758794
fc,446,384,1,1,320,54804480,0.4470,122.605100671
fc,446,384,1,1,384,65765376,0.4160,158.089846154
fc,446,384,1,1,512,87687168,0.4620,189.799064935
fc,446,384,1,1,768,131530752,0.5080,258.91880315
fc,446,384,1,1,1024,175374336,0.5720,306.59848951
fc,446,384,1,1,1536,263061504,0.6240,421.572923077
fc,446,384,1,1,2048,350748672,0.8090,433.558309023
fc,446,384,1,1,2560,438435840,0.8090,541.947886279
fc,446,384,1,1,3072,526123008,0.8970,586.536240803
fc,446,384,1,1,3200,548044800,0.9100,602.247032967
fc,446,384,1,1,4096,701497344,1.1370,616.972158311
fc,446,2000,1,1,64,57088000,1.3780,41.4281567489
fc,446,2000,1,1,128,114176000,1.4220,80.2925457103
fc,446,2000,1,1,196,174832000,1.5650,111.713738019
fc,446,2000,1,1,256,228352000,1.4860,153.668909825
fc,446,2000,1,1,320,285440000,1.6580,172.159227986
fc,446,2000,1,1,384,342528000,1.7660,193.956964892
fc,446,2000,1,1,512,456704000,1.8270,249.974822113
fc,446,2000,1,1,768,685056000,2.1040,325.596958175
fc,446,2000,1,1,1024,913408000,2.2070,413.868599909
fc,446,2000,1,1,1536,1370112000,2.5310,541.332279731
fc,446,2000,1,1,2048,1826816000,3.1880,573.028858218
fc,446,2000,1,1,2560,2283520000,3.2200,709.167701863
fc,446,2000,1,1,3072,2740224000,3.6040,760.328523862
fc,446,2000,1,1,3200,2854400000,3.8230,746.638765368
fc,446,2000,1,1,4096,3653632000,4.3750,835.115885714
fc,446,576,1,1,64,16441344,0.5040,32.6217142857
fc,446,576,1,1,128,32882688,0.5130,64.0988070175
fc,446,576,1,1,196,50351616,0.5470,92.0504862888
fc,446,576,1,1,256,65765376,0.5600,117.438171429
fc,446,576,1,1,320,82206720,0.5780,142.22615917
fc,446,576,1,1,384,98648064,0.6070,162.517403624
fc,446,576,1,1,512,131530752,0.6580,199.894759878
fc,446,576,1,1,768,197296128,1.0450,188.800122488
fc,446,576,1,1,1024,263061504,0.7680,342.528
fc,446,576,1,1,1536,394592256,0.9440,418.000271186
fc,446,576,1,1,2048,526123008,1.0290,511.295440233
fc,446,576,1,1,2560,657653760,1.1220,586.144171123
fc,446,576,1,1,3072,789184512,1.3090,602.891147441
fc,446,576,1,1,3200,822067200,1.2400,662.957419355
fc,446,576,1,1,4096,1052246016,1.4850,708.583175758
fc,446,4000,1,1,64,114176000,2.9700,38.4430976431
fc,446,4000,1,1,128,228352000,2.8850,79.1514731369
fc,446,4000,1,1,196,349664000,3.0130,116.051775639
fc,446,4000,1,1,256,456704000,3.2580,140.179251074
fc,446,4000,1,1,320,570880000,3.3720,169.300118624
fc,446,4000,1,1,384,685056000,3.0010,228.275908031
fc,446,4000,1,1,512,913408000,3.7120,246.068965517
fc,446,4000,1,1,768,1370112000,4.2640,321.320825516
fc,446,4000,1,1,1024,1826816000,4.1320,442.114230397
fc,446,4000,1,1,1536,2740224000,5.1110,536.142437879
fc,446,4000,1,1,2048,3653632000,6.3460,575.737787583
fc,446,4000,1,1,2560,4567040000,6.9530,656.844527542
fc,446,4000,1,1,3072,5480448000,7.1640,764.998324958
fc,446,4000,1,1,3200,5708800000,7.5830,752.84188316
fc,446,4000,1,1,4096,7307264000,9.0610,806.452267962
fc,446,3000,1,1,64,85632000,1.9960,42.9018036072
fc,446,3000,1,1,128,171264000,1.9950,85.8466165414
fc,446,3000,1,1,196,262248000,2.1400,122.545794393
fc,446,3000,1,1,256,342528000,2.4130,141.951098218
fc,446,3000,1,1,320,428160000,2.3810,179.823603528
fc,446,3000,1,1,384,513792000,2.4680,208.181523501
fc,446,3000,1,1,512,685056000,2.8150,243.359147425
fc,446,3000,1,1,768,1027584000,3.2010,321.01968135
fc,446,3000,1,1,1024,1370112000,3.1940,428.964308078
fc,446,3000,1,1,1536,2055168000,3.7590,546.73264166
fc,446,3000,1,1,2048,2740224000,4.7340,578.839036755
fc,446,3000,1,1,2560,3425280000,5.1770,661.634151053
fc,446,3000,1,1,3072,4110336000,5.4130,759.345279882
fc,446,3000,1,1,3200,4281600000,5.6940,751.949420443
fc,446,3000,1,1,4096,5480448000,6.4570,848.760724795
fc,446,768,1,1,64,21921792,0.6210,35.3007922705
fc,446,768,1,1,128,43843584,0.6350,69.0450141732
fc,446,768,1,1,196,67135488,0.6720,99.904
fc,446,768,1,1,256,87687168,0.7340,119.46480654
fc,446,768,1,1,320,109608960,0.7040,155.694545455
fc,446,768,1,1,384,131530752,0.6760,194.572118343
fc,446,768,1,1,512,175374336,0.7550,232.283888742
fc,446,768,1,1,768,263061504,1.0230,257.147120235
fc,446,768,1,1,1024,350748672,0.9690,361.969733746
fc,446,768,1,1,1536,526123008,1.0420,504.916514395
fc,446,768,1,1,2048,701497344,1.6560,423.609507246
fc,446,768,1,1,2560,876871680,1.5360,570.88
fc,446,768,1,1,3072,1052246016,1.5650,672.361671565
fc,446,768,1,1,3200,1096089600,1.6080,681.647761194
fc,446,768,1,1,4096,1402994688,1.9890,705.376917044
fc,446,512,1,1,64,14614528,0.4610,31.7017960954
fc,446,512,1,1,128,29229056,0.4850,60.2660948454
fc,446,512,1,1,196,44756992,0.4960,90.2358709677
fc,446,512,1,1,256,58458112,0.5050,115.758637624
fc,446,512,1,1,320,73072640,0.5180,141.066872587
fc,446,512,1,1,384,87687168,0.5410,162.083489834
fc,446,512,1,1,512,116916224,0.5910,197.827790186
fc,446,512,1,1,768,175374336,0.7260,241.562446281
fc,446,512,1,1,1024,233832448,0.7410,315.563357625
fc,446,512,1,1,1536,350748672,0.7840,447.383510204
fc,446,512,1,1,2048,467664896,1.0430,448.384368169
fc,446,512,1,1,2560,584581120,1.2010,486.74531224
fc,446,512,1,1,3072,701497344,1.1470,611.593150828
fc,446,512,1,1,3200,730726400,1.2060,605.909121061
fc,446,512,1,1,4096,935329792,1.6740,558.739421744
fc,446,446,1,1,64,12730624,0.4130,30.8247554479
fc,446,446,1,1,128,25461248,0.4200,60.6220190476
fc,446,446,1,1,196,38987536,0.4370,89.2163295195
fc,446,446,1,1,256,50922496,0.4620,110.221852814
fc,446,446,1,1,320,63653120,0.4710,135.14462845
fc,446,446,1,1,384,76383744,0.4780,159.798627615
fc,446,446,1,1,512,101844992,0.5150,197.757266019
fc,446,446,1,1,768,152767488,0.5780,264.303612457
fc,446,446,1,1,1024,203689984,0.6360,320.26727044
fc,446,446,1,1,1536,305534976,0.7310,417.96850342
fc,446,446,1,1,2048,407379968,0.9120,446.688561404
fc,446,446,1,1,2560,509224960,0.9210,552.904408252
fc,446,446,1,1,3072,611069952,1.0410,587.002835735
fc,446,446,1,1,3200,636531200,1.0390,612.638306064
fc,446,446,1,1,4096,814759936,1.2930,630.131427688
fc,446,1000,1,1,64,28544000,0.7840,36.4081632653
fc,446,1000,1,1,128,57088000,0.7970,71.6286072773
fc,446,1000,1,1,196,87416000,0.8380,104.3150358
fc,446,1000,1,1,256,114176000,0.8340,136.901678657
fc,446,1000,1,1,320,142720000,0.8510,167.708578143
fc,446,1000,1,1,384,171264000,0.8960,191.142857143
fc,446,1000,1,1,512,228352000,1.1280,202.439716312
fc,446,1000,1,1,768,342528000,1.1000,311.389090909
fc,446,1000,1,1,1024,456704000,1.2030,379.637572735
fc,446,1000,1,1,1536,685056000,2.0030,342.014977534
fc,446,1000,1,1,2048,913408000,1.7430,524.043602983
fc,446,1000,1,1,2560,1141760000,1.7630,647.623369257
fc,446,1000,1,1,3072,1370112000,1.9920,687.807228916
fc,446,1000,1,1,3200,1427200000,2.0320,702.362204724
fc,446,1000,1,1,4096,1826816000,2.5180,725.502779984
fc,446,64,1,1,64,1826816,0.1190,15.351394958
fc,446,64,1,1,128,3653632,0.1070,34.1460934579
fc,446,64,1,1,196,5594624,0.1180,47.4120677966
fc,446,64,1,1,256,7307264,0.1220,59.8956065574
fc,446,64,1,1,320,9134080,0.1120,81.5542857143
fc,446,64,1,1,384,10960896,0.1250,87.687168
fc,446,64,1,1,512,14614528,0.1350,108.255762963
fc,446,64,1,1,768,21921792,0.1540,142.349298701
fc,446,64,1,1,1024,29229056,0.1940,150.665237113
fc,446,64,1,1,1536,43843584,0.2210,198.387257919
fc,446,64,1,1,2048,58458112,0.2550,229.247498039
fc,446,64,1,1,2560,73072640,0.2780,262.851223022
fc,446,64,1,1,3072,87687168,0.3100,282.861832258
fc,446,64,1,1,3200,91340800,0.3300,276.79030303
fc,446,64,1,1,4096,116916224,0.3700,315.989794595
fc,512,640,1,1,64,20971520,1.1850,17.6974852321
fc,512,640,1,1,128,41943040,0.9240,45.3929004329
fc,512,640,1,1,196,64225280,1.1670,55.0345158526
fc,512,640,1,1,256,83886080,0.6840,122.640467836
fc,512,640,1,1,320,104857600,0.6870,152.631149927
fc,512,640,1,1,384,125829120,0.7340,171.429318801
fc,512,640,1,1,512,167772160,1.6750,100.162483582
fc,512,640,1,1,768,251658240,1.1590,217.133943054
fc,512,640,1,1,1024,335544320,0.9560,350.987782427
fc,512,640,1,1,1536,503316480,0.9620,523.198004158
fc,512,640,1,1,2048,671088640,1.2160,551.882105263
fc,512,640,1,1,2560,838860800,1.2220,686.465466448
fc,512,640,1,1,3072,1006632960,1.4340,701.975564854
fc,512,640,1,1,3200,1048576000,1.4420,727.167822469
fc,512,640,1,1,4096,1342177280,1.6850,796.544379822
fc,512,384,1,1,64,12582912,0.7030,17.8988790896
fc,512,384,1,1,128,25165824,0.4190,60.0616324582
fc,512,384,1,1,196,38535168,0.4260,90.4581408451
fc,512,384,1,1,256,50331648,0.4650,108.240103226
fc,512,384,1,1,320,62914560,0.4590,137.06875817
fc,512,384,1,1,384,75497472,0.4860,155.344592593
fc,512,384,1,1,512,100663296,0.5110,196.992751468
fc,512,384,1,1,768,150994944,0.5100,296.068517647
fc,512,384,1,1,1024,201326592,0.6510,309.257437788
fc,512,384,1,1,1536,301989888,0.6680,452.080670659
fc,512,384,1,1,2048,402653184,0.8230,489.250527339
fc,512,384,1,1,2560,503316480,0.8470,594.23433294
fc,512,384,1,1,3072,603979776,0.9880,611.315562753
fc,512,384,1,1,3200,629145600,1.2910,487.331990705
fc,512,384,1,1,4096,805306368,1.1590,694.828617774
fc,512,2000,1,1,64,65536000,1.5990,40.98561601
fc,512,2000,1,1,128,131072000,1.6160,81.1089108911
fc,512,2000,1,1,196,200704000,1.6590,120.978902954
fc,512,2000,1,1,256,262144000,1.7910,146.367392518
fc,512,2000,1,1,320,327680000,1.8760,174.669509595
fc,512,2000,1,1,384,393216000,2.0940,187.782234957
fc,512,2000,1,1,512,524288000,2.0380,257.256133464
fc,512,2000,1,1,768,786432000,2.0660,380.654404647
fc,512,2000,1,1,1024,1048576000,2.7310,383.953130721
fc,512,2000,1,1,1536,1572864000,2.7520,571.534883721
fc,512,2000,1,1,2048,2097152000,3.2790,639.570600793
fc,512,2000,1,1,2560,2621440000,3.3550,781.353204173
fc,512,2000,1,1,3072,3145728000,3.9520,795.983805668
fc,512,2000,1,1,3200,3276800000,4.0840,802.350636631
fc,512,2000,1,1,4096,4194304000,4.7490,883.197304696
fc,512,576,1,1,64,18874368,0.6160,30.6402077922
fc,512,576,1,1,128,37748736,0.6350,59.4468283465
fc,512,576,1,1,196,57802752,0.6250,92.4844032
fc,512,576,1,1,256,75497472,0.6360,118.706716981
fc,512,576,1,1,320,94371840,0.6630,142.340633484
fc,512,576,1,1,384,113246208,0.7710,146.882241245
fc,512,576,1,1,512,150994944,0.6610,228.4341059
fc,512,576,1,1,768,226492416,0.6690,338.553686099
fc,512,576,1,1,1024,301989888,0.8690,347.514255466
fc,512,576,1,1,1536,452984832,0.8980,504.437452116
fc,512,576,1,1,2048,603979776,1.1040,547.083130435
fc,512,576,1,1,2560,754974720,1.1130,678.324097035
fc,512,576,1,1,3072,905969664,1.3380,677.107372197
fc,512,576,1,1,3200,943718400,1.3350,706.905168539
fc,512,576,1,1,4096,1207959552,1.5580,775.327055199
fc,512,4000,1,1,64,131072000,3.2250,40.6424806202
fc,512,4000,1,1,128,262144000,3.0020,87.3231179214
fc,512,4000,1,1,196,401408000,3.2610,123.093529592
fc,512,4000,1,1,256,524288000,3.2570,160.97267424
fc,512,4000,1,1,320,655360000,3.3540,195.396541443
fc,512,4000,1,1,384,786432000,4.0470,194.324684952
fc,512,4000,1,1,512,1048576000,3.7730,277.915716936
fc,512,4000,1,1,768,1572864000,3.7760,416.542372881
fc,512,4000,1,1,1024,2097152000,6.9520,301.661680092
fc,512,4000,1,1,1536,3145728000,5.3150,591.858513641
fc,512,4000,1,1,2048,4194304000,6.4210,653.216632923
fc,512,4000,1,1,2560,5242880000,6.5110,805.234219014
fc,512,4000,1,1,3072,6291456000,7.8050,806.080204997
fc,512,4000,1,1,3200,6553600000,7.8920,830.410542321
fc,512,4000,1,1,4096,8388608000,9.2500,906.876540541
fc,512,3000,1,1,64,98304000,2.4940,39.4161988773
fc,512,3000,1,1,128,196608000,2.5390,77.4352107129
fc,512,3000,1,1,196,301056000,2.4430,123.232091691
fc,512,3000,1,1,256,393216000,2.6820,146.612975391
fc,512,3000,1,1,320,491520000,2.6550,185.129943503
fc,512,3000,1,1,384,589824000,2.9330,201.09921582
fc,512,3000,1,1,512,786432000,2.9310,268.315250768
fc,512,3000,1,1,768,1179648000,2.9910,394.399197593
fc,512,3000,1,1,1024,1572864000,4.0630,387.118877677
fc,512,3000,1,1,1536,2359296000,3.9870,591.74717833
fc,512,3000,1,1,2048,3145728000,4.9240,638.85621446
fc,512,3000,1,1,2560,3932160000,5.0610,776.95317131
fc,512,3000,1,1,3072,4718592000,6.0190,783.949493271
fc,512,3000,1,1,3200,4915200000,5.9920,820.293724967
fc,512,3000,1,1,4096,6291456000,7.0010,898.65104985
fc,512,768,1,1,64,25165824,0.7240,34.7594254144
fc,512,768,1,1,128,50331648,0.7040,71.4938181818
fc,512,768,1,1,196,77070336,0.7790,98.9349627728
fc,512,768,1,1,256,100663296,0.7870,127.907618806
fc,512,768,1,1,320,125829120,0.7800,161.319384615
fc,512,768,1,1,384,150994944,0.8210,183.915887942
fc,512,768,1,1,512,201326592,0.8350,241.109691018
fc,512,768,1,1,768,301989888,0.8370,360.800344086
fc,512,768,1,1,1024,402653184,1.1040,364.722086957
fc,512,768,1,1,1536,603979776,1.1490,525.656898172
fc,512,768,1,1,2048,805306368,1.4660,549.322215553
fc,512,768,1,1,2560,1006632960,1.4790,680.617281947
fc,512,768,1,1,3072,1207959552,1.7720,681.692749436
fc,512,768,1,1,3200,1258291200,1.7570,716.158907228
fc,512,768,1,1,4096,1610612736,2.0150,799.311531514
fc,512,512,1,1,64,16777216,0.5060,33.1565533597
fc,512,512,1,1,128,33554432,0.5220,64.2805210728
fc,512,512,1,1,196,51380224,0.5440,94.4489411765
fc,512,512,1,1,256,67108864,0.5670,118.357784832
fc,512,512,1,1,320,83886080,0.6020,139.345647841
fc,512,512,1,1,384,100663296,0.6110,164.751711948
fc,512,512,1,1,512,134217728,0.6380,210.37261442
fc,512,512,1,1,768,201326592,0.6640,303.202698795
fc,512,512,1,1,1024,268435456,0.8300,323.416212048
fc,512,512,1,1,1536,402653184,0.8660,464.957487298
fc,512,512,1,1,2048,536870912,1.0360,518.215166023
fc,512,512,1,1,2560,671088640,1.0780,622.531205937
fc,512,512,1,1,3072,805306368,1.2620,638.119150555
fc,512,512,1,1,3200,838860800,1.2380,677.593537964
fc,512,512,1,1,4096,1073741824,1.4660,732.429620737
fc,512,446,1,1,64,14614528,0.4490,32.5490601336
fc,512,446,1,1,128,29229056,0.4870,60.0185954825
fc,512,446,1,1,196,44756992,0.4870,91.9034743326
fc,512,446,1,1,256,58458112,0.5000,116.916224
fc,512,446,1,1,320,73072640,0.5100,143.279686275
fc,512,446,1,1,384,87687168,0.5720,153.299244755
fc,512,446,1,1,512,116916224,0.5750,203.332563478
fc,512,446,1,1,768,175374336,0.5910,296.741685279
fc,512,446,1,1,1024,233832448,0.7800,299.785189744
fc,512,446,1,1,1536,350748672,0.7650,458.494996078
fc,512,446,1,1,2048,467664896,0.9340,500.711880086
fc,512,446,1,1,2560,584581120,0.9400,621.894808511
fc,512,446,1,1,3072,701497344,1.1280,621.894808511
fc,512,446,1,1,3200,730726400,1.1160,654.772759857
fc,512,446,1,1,4096,935329792,1.3250,705.909276981
fc,512,1000,1,1,64,32768000,0.8740,37.4919908467
fc,512,1000,1,1,128,65536000,0.8840,74.1357466063
fc,512,1000,1,1,196,100352000,0.9180,109.315904139
fc,512,1000,1,1,256,131072000,0.9320,140.635193133
fc,512,1000,1,1,320,163840000,0.9760,167.868852459
fc,512,1000,1,1,384,196608000,1.1570,169.929127053
fc,512,1000,1,1,512,262144000,1.0850,241.607373272
fc,512,1000,1,1,768,393216000,1.1030,356.496826836
fc,512,1000,1,1,1024,524288000,1.4410,363.836224844
fc,512,1000,1,1,1536,786432000,1.4350,548.036236934
fc,512,1000,1,1,2048,1048576000,1.8000,582.542222222
fc,512,1000,1,1,2560,1310720000,1.8540,706.968716289
fc,512,1000,1,1,3072,1572864000,2.1530,730.545285648
fc,512,1000,1,1,3200,1638400000,2.1540,760.631383473
fc,512,1000,1,1,4096,2097152000,2.5410,825.325462416
fc,512,64,1,1,64,2097152,0.1230,17.0500162602
fc,512,64,1,1,128,4194304,0.1120,37.4491428571
fc,512,64,1,1,196,6422528,0.1290,49.7870387597
fc,512,64,1,1,256,8388608,0.1230,68.2000650407
fc,512,64,1,1,320,10485760,0.1220,85.948852459
fc,512,64,1,1,384,12582912,0.1280,98.304
fc,512,64,1,1,512,16777216,0.1550,108.240103226
fc,512,64,1,1,768,25165824,0.1600,157.2864
fc,512,64,1,1,1024,33554432,0.2160,155.344592593
fc,512,64,1,1,1536,50331648,0.2200,228.780218182
fc,512,64,1,1,2048,67108864,0.2720,246.723764706
fc,512,64,1,1,2560,83886080,0.2840,295.373521127
fc,512,64,1,1,3072,100663296,0.3340,301.387113772
fc,512,64,1,1,3200,104857600,0.3390,309.314454277
fc,512,64,1,1,4096,134217728,0.4000,335.54432
fc,576,640,1,1,64,23592960,0.6490,36.352788906
fc,576,640,1,1,128,47185920,0.6640,71.0631325301
fc,576,640,1,1,196,72253440,0.7060,102.341983003
fc,576,640,1,1,256,94371840,0.7110,132.731139241
fc,576,640,1,1,320,117964800,0.7370,160.060786974
fc,576,640,1,1,384,141557760,0.7950,178.060075472
fc,576,640,1,1,512,188743680,0.7850,240.437808917
fc,576,640,1,1,768,283115520,0.7960,355.672763819
fc,576,640,1,1,1024,377487360,1.0280,367.205603113
fc,576,640,1,1,1536,566231040,1.1130,508.743072776
fc,576,640,1,1,2048,754974720,1.3610,554.720587803
fc,576,640,1,1,2560,943718400,1.4130,667.882802548
fc,576,640,1,1,3072,1132462080,1.7040,664.590422535
fc,576,640,1,1,3200,1179648000,1.6500,714.938181818
fc,576,640,1,1,4096,1509949440,2.0700,729.444173913
fc,576,384,1,1,64,14155776,0.4310,32.8440278422
fc,576,384,1,1,128,28311552,0.4410,64.1985306122
fc,576,384,1,1,196,43352064,0.4730,91.6534122622
fc,576,384,1,1,256,56623104,0.4800,117.9648
fc,576,384,1,1,320,70778880,0.4900,144.446693878
fc,576,384,1,1,384,84934656,0.5300,160.254067925
fc,576,384,1,1,512,113246208,0.5460,207.410637363
fc,576,384,1,1,768,169869312,0.6320,268.780556962
fc,576,384,1,1,1024,226492416,0.7420,305.245843666
fc,576,384,1,1,1536,339738624,0.9520,356.868302521
fc,576,384,1,1,2048,452984832,0.8750,517.696950857
fc,576,384,1,1,2560,566231040,1.0150,557.863093596
fc,576,384,1,1,3072,679477248,1.0670,636.810916589
fc,576,384,1,1,3200,707788800,1.2010,589.332889259
fc,576,384,1,1,4096,905969664,1.3230,684.784326531
fc,576,2000,1,1,64,73728000,1.8090,40.7562189055
fc,576,2000,1,1,128,147456000,1.6830,87.614973262
fc,576,2000,1,1,196,225792000,1.8310,123.316220644
fc,576,2000,1,1,256,294912000,1.7930,164.479643056
fc,576,2000,1,1,320,368640000,1.8580,198.406889128
fc,576,2000,1,1,384,442368000,2.2100,200.166515837
fc,576,2000,1,1,512,589824000,2.0850,282.889208633
fc,576,2000,1,1,768,884736000,2.2070,400.877208881
fc,576,2000,1,1,1024,1179648000,3.1220,377.850096092
fc,576,2000,1,1,1536,1769472000,3.2280,548.163568773
fc,576,2000,1,1,2048,2359296000,3.7670,626.306344571
fc,576,2000,1,1,2560,2949120000,3.8530,765.408772385
fc,576,2000,1,1,3072,3538944000,4.5620,775.743971942
fc,576,2000,1,1,3200,3686400000,4.7940,768.961201502
fc,576,2000,1,1,4096,4718592000,5.2430,899.979401106
fc,576,576,1,1,64,21233664,0.6240,34.0283076923
fc,576,576,1,1,128,42467328,0.6130,69.2778597064
fc,576,576,1,1,196,65028096,0.6840,95.0703157895
fc,576,576,1,1,256,84934656,0.6410,132.503363495
fc,576,576,1,1,320,106168320,0.6570,161.595616438
fc,576,576,1,1,384,127401984,0.7350,173.336032653
fc,576,576,1,1,512,169869312,0.6860,247.62290379
fc,576,576,1,1,768,254803968,0.7230,352.425958506
fc,576,576,1,1,1024,339738624,0.9980,340.419462926
fc,576,576,1,1,1536,509607936,1.0130,503.068051333
fc,576,576,1,1,2048,679477248,1.1540,588.801774697
fc,576,576,1,1,2560,849346560,1.3590,624.979072848
fc,576,576,1,1,3072,1019215872,1.3850,735.895936462
fc,576,576,1,1,3200,1061683200,1.4710,721.742488103
fc,576,576,1,1,4096,1358954496,1.7950,757.077713649
fc,576,4000,1,1,64,147456000,3.2850,44.8876712329
fc,576,4000,1,1,128,294912000,3.6410,80.9975281516
fc,576,4000,1,1,196,451584000,3.4500,130.893913043
fc,576,4000,1,1,256,589824000,3.8390,153.640010419
fc,576,4000,1,1,320,737280000,4.1050,179.605359318
fc,576,4000,1,1,384,884736000,4.2540,207.977433004
fc,576,4000,1,1,512,1179648000,4.1900,281.538902148
fc,576,4000,1,1,768,1769472000,4.6840,377.769427839
fc,576,4000,1,1,1024,2359296000,5.4860,430.057601167
fc,576,4000,1,1,1536,3538944000,5.6800,623.053521127
fc,576,4000,1,1,2048,4718592000,7.5980,621.030797578
fc,576,4000,1,1,2560,5898240000,8.0040,736.911544228
fc,576,4000,1,1,3072,7077888000,8.9910,787.219219219
fc,576,4000,1,1,3200,7372800000,8.8880,829.522952295
fc,576,4000,1,1,4096,9437184000,11.0030,857.691902208
fc,576,3000,1,1,64,110592000,2.5640,43.1326053042
fc,576,3000,1,1,128,221184000,3.9790,55.5878361397
fc,576,3000,1,1,196,338688000,2.8220,120.017009213
fc,576,3000,1,1,256,442368000,2.8740,153.920668058
fc,576,3000,1,1,320,552960000,3.0900,178.951456311
fc,576,3000,1,1,384,663552000,3.2800,202.302439024
fc,576,3000,1,1,512,884736000,3.2110,275.532855808
fc,576,3000,1,1,768,1327104000,3.5880,369.872909699
fc,576,3000,1,1,1024,1769472000,4.4580,396.920592194
fc,576,3000,1,1,1536,2654208000,4.3250,613.689710983
fc,576,3000,1,1,2048,3538944000,5.2130,678.868981393
fc,576,3000,1,1,2560,4423680000,6.3550,696.094413847
fc,576,3000,1,1,3072,5308416000,7.0160,756.615735462
fc,576,3000,1,1,3200,5529600000,7.3270,754.688139757
fc,576,3000,1,1,4096,7077888000,8.3500,847.651257485
fc,576,768,1,1,64,28311552,0.7500,37.748736
fc,576,768,1,1,128,56623104,0.8010,70.6905168539
fc,576,768,1,1,196,86704128,0.8120,106.778482759
fc,576,768,1,1,256,113246208,0.8200,138.105131707
fc,576,768,1,1,320,141557760,0.8960,157.988571429
fc,576,768,1,1,384,169869312,0.9080,187.080740088
fc,576,768,1,1,512,226492416,1.0000,226.492416
fc,576,768,1,1,768,339738624,0.9430,360.274256628
fc,576,768,1,1,1024,452984832,1.3050,347.114813793
fc,576,768,1,1,1536,679477248,1.3370,508.210357517
fc,576,768,1,1,2048,905969664,1.5530,583.367459111
fc,576,768,1,1,2560,1132462080,1.7310,654.224194107
fc,576,768,1,1,3072,1358954496,1.9930,681.863771199
fc,576,768,1,1,3200,1415577600,2.0240,699.396047431
fc,576,768,1,1,4096,1811939328,2.3480,771.694773424
fc,576,512,1,1,64,18874368,0.6220,30.3446430868
fc,576,512,1,1,128,37748736,0.6610,57.108526475
fc,576,512,1,1,196,57802752,0.6380,90.5999247649
fc,576,512,1,1,256,75497472,0.6650,113.530033083
fc,576,512,1,1,320,94371840,0.6650,141.912541353
fc,576,512,1,1,384,113246208,0.7040,160.861090909
fc,576,512,1,1,512,150994944,0.8200,184.14017561
fc,576,512,1,1,768,226492416,0.7040,321.722181818
fc,576,512,1,1,1024,301989888,0.8560,352.791925234
fc,576,512,1,1,1536,452984832,0.9990,453.43827027
fc,576,512,1,1,2048,603979776,1.1600,520.67222069
fc,576,512,1,1,2560,754974720,1.2480,604.947692308
fc,576,512,1,1,3072,905969664,1.3010,696.364076864
fc,576,512,1,1,3200,943718400,1.3810,683.358725561
fc,576,512,1,1,4096,1207959552,1.6790,719.451787969
fc,576,446,1,1,64,16441344,0.4930,33.3495821501
fc,576,446,1,1,128,32882688,0.5030,65.3731371769
fc,576,446,1,1,196,50351616,0.5470,92.0504862888
fc,576,446,1,1,256,65765376,0.5410,121.562617375
fc,576,446,1,1,320,82206720,0.5670,144.985396825
fc,576,446,1,1,384,98648064,0.5970,165.239638191
fc,576,446,1,1,512,131530752,0.6310,208.448101426
fc,576,446,1,1,768,197296128,0.6470,304.939919629
fc,576,446,1,1,1024,263061504,0.7900,332.98924557
fc,576,446,1,1,1536,394592256,0.8680,454.599373272
fc,576,446,1,1,2048,526123008,1.0770,488.507899721
fc,576,446,1,1,2560,657653760,1.1030,596.240942883
fc,576,446,1,1,3072,789184512,1.2740,619.454091052
fc,576,446,1,1,3200,822067200,1.3150,625.146159696
fc,576,446,1,1,4096,1052246016,1.4930,704.786346952
fc,576,1000,1,1,64,36864000,0.9060,40.6887417219
fc,576,1000,1,1,128,73728000,0.9960,74.0240963855
fc,576,1000,1,1,196,112896000,1.0010,112.783216783
fc,576,1000,1,1,256,147456000,1.0420,141.512476008
fc,576,1000,1,1,320,184320000,1.0150,181.596059113
fc,576,1000,1,1,384,221184000,1.1220,197.13368984
fc,576,1000,1,1,512,294912000,1.1330,260.293027361
fc,576,1000,1,1,768,442368000,1.1760,376.163265306
fc,576,1000,1,1,1024,589824000,1.6010,368.40974391
fc,576,1000,1,1,1536,884736000,1.5540,569.328185328
fc,576,1000,1,1,2048,1179648000,2.0360,579.394891945
fc,576,1000,1,1,2560,1474560000,2.0640,714.418604651
fc,576,1000,1,1,3072,1769472000,2.2740,778.131926121
fc,576,1000,1,1,3200,1843200000,2.5370,726.527394561
fc,576,1000,1,1,4096,2359296000,2.9370,803.301327886
fc,576,64,1,1,64,2359296,0.1210,19.4983140496
fc,576,64,1,1,128,4718592,0.1240,38.0531612903
fc,576,64,1,1,196,7225344,0.1320,54.7374545455
fc,576,64,1,1,256,9437184,0.1310,72.0395725191
fc,576,64,1,1,320,11796480,0.1280,92.16
fc,576,64,1,1,384,14155776,0.1380,102.578086957
fc,576,64,1,1,512,18874368,0.1580,119.458025316
fc,576,64,1,1,768,28311552,0.1710,165.564631579
fc,576,64,1,1,1024,37748736,0.2200,171.585163636
fc,576,64,1,1,1536,56623104,0.2450,231.114710204
fc,576,64,1,1,2048,75497472,0.2930,257.670552901
fc,576,64,1,1,2560,94371840,0.3240,291.271111111
fc,576,64,1,1,3072,113246208,0.3650,310.263583562
fc,576,64,1,1,3200,117964800,0.3810,309.618897638
fc,576,64,1,1,4096,150994944,0.4510,334.80031929
